Fecha,Marca,Net_Revenue,Status,Cluster,Client_ID
2024-01-21 14:20:00.765372,Prada,-2033.0,Returned,Standard,CL-226785
2024-01-22 14:20:00.765372,Louis Vuitton,2307.0,Completed,Standard,CL-694722
2024-01-22 14:20:00.765372,Celine,1986.0,Completed,Standard,CL-997950
2024-01-22 14:20:00.765372,Louis Vuitton,2488.0,Completed,Standard,CL-175121
2024-01-22 14:20:00.765372,Fendi,3173.0,Completed,Standard,CL-462764
2024-01-22 14:20:00.765372,Louis Vuitton,2083.0,Completed,Standard,CL-503912
2024-01-23 14:20:00.765372,Celine,-2213.0,Returned,Standard,CL-677605
2024-01-23 14:20:00.765372,Chanel,5095.0,Completed,High_End,CL-121115
2024-01-23 14:20:00.765372,Prada,3770.0,Completed,Standard,CL-324850
2024-01-24 14:20:00.765372,Celine,4892.0,Completed,Standard,CL-709211
2024-01-24 14:20:00.765372,Louis Vuitton,5542.0,Completed,Standard,CL-959784
2024-01-26 14:20:00.765372,Prada,1969.0,Completed,Standard,CL-201348
2024-01-27 14:20:00.765372,Louis Vuitton,2803.0,Completed,Standard,CL-267618
2024-01-27 14:20:00.765372,Fendi,2727.0,Completed,Standard,CL-510622
2024-01-27 14:20:00.765372,Louis Vuitton,1984.0,Completed,Standard,CL-197935
2024-01-28 14:20:00.765372,Celine,4896.0,Completed,Standard,CL-690837
2024-01-29 14:20:00.765372,Louis Vuitton,1767.0,Completed,Standard,CL-455011
2024-01-30 14:20:00.765372,Louis Vuitton,1804.0,Completed,Standard,CL-834275
2024-01-30 14:20:00.765372,Fendi,3244.0,Completed,Standard,CL-500687
2024-01-30 14:20:00.765372,Chanel,4785.0,Completed,High_End,CL-472914
2024-01-31 14:20:00.765372,Gucci,3221.0,Completed,Standard,CL-912804
2024-01-31 14:20:00.765372,Fendi,2818.0,Completed,Standard,CL-949808
2024-02-01 14:20:00.765372,Hermès,3570.0,Completed,High_End,CL-515294
2024-02-02 14:20:00.765372,Louis Vuitton,5542.0,Completed,Standard,CL-560406
2024-02-02 14:20:00.765372,Fendi,5241.0,Completed,Standard,CL-422266
2024-02-02 14:20:00.765372,Prada,1825.0,Completed,Standard,CL-253304
2024-02-02 14:20:00.765372,Louis Vuitton,1600.0,Completed,Standard,CL-605532
2024-02-05 14:20:00.765372,Louis Vuitton,7046.0,Completed,Standard,CL-481210
2024-02-05 14:20:00.765372,Louis Vuitton,-1769.0,Returned,Standard,CL-180909
2024-02-05 14:20:00.765372,Louis Vuitton,3108.0,Completed,Standard,CL-368118
2024-02-05 14:20:00.765372,Louis Vuitton,2234.0,Completed,Standard,CL-855745
2024-02-06 14:20:00.765372,Louis Vuitton,1815.0,Completed,Standard,CL-309478
2024-02-06 14:20:00.765372,Louis Vuitton,2116.0,Completed,Standard,CL-172813
2024-02-06 14:20:00.765372,Hermès,3339.0,Completed,High_End,CL-102166
2024-02-07 14:20:00.765372,Dior,2695.0,Completed,High_End,CL-243562
2024-02-07 14:20:00.765372,Louis Vuitton,2039.0,Completed,Standard,CL-106080
2024-02-07 14:20:00.765372,Louis Vuitton,5604.0,Completed,Standard,CL-968303
2024-02-07 14:20:00.765372,Fendi,4852.0,Completed,Standard,CL-337215
2024-02-08 14:20:00.765372,Louis Vuitton,5612.0,Completed,Standard,CL-301180
2024-02-08 14:20:00.765372,Prada,1382.0,Completed,Standard,CL-374175
2024-02-10 14:20:00.765372,Louis Vuitton,1609.0,Completed,Standard,CL-428578
2024-02-11 14:20:00.765372,Prada,4267.0,Completed,Standard,CL-563908
2024-02-12 14:20:00.765372,Fendi,2842.0,Completed,Standard,CL-482521
2024-02-12 14:20:00.765372,Louis Vuitton,5880.0,Completed,Standard,CL-774026
2024-02-12 14:20:00.765372,Louis Vuitton,2803.0,Completed,Standard,CL-939142
2024-02-12 14:20:00.765372,Louis Vuitton,5384.0,Completed,Standard,CL-401993
2024-02-13 14:20:00.765372,Celine,3672.0,Completed,Standard,CL-453076
2024-02-14 14:20:00.765372,Louis Vuitton,1541.0,Completed,Standard,CL-529762
2024-02-14 14:20:00.765372,Fendi,5324.0,Completed,Standard,CL-965080
2024-02-15 14:20:00.765372,Fendi,3532.0,Completed,Standard,CL-575381
2024-02-15 14:20:00.765372,Louis Vuitton,1467.0,Completed,Standard,CL-983770
2024-02-15 14:20:00.765372,Fendi,2968.0,Completed,Standard,CL-452016
2024-02-16 14:20:00.765372,Gucci,-2720.0,Returned,Standard,CL-658419
2024-02-16 14:20:00.765372,Hermès,10900.0,Completed,High_End,CL-527788
2024-02-16 14:20:00.765372,Fendi,3244.0,Completed,Standard,CL-422266
2024-02-18 14:20:00.765372,Fendi,3525.0,Completed,Standard,CL-883497
2024-02-18 14:20:00.765372,Louis Vuitton,7108.0,Completed,Standard,CL-206903
2024-02-18 14:20:00.765372,Fendi,5009.0,Completed,Standard,CL-463065
2024-02-18 14:20:00.765372,Prada,2059.0,Completed,Standard,CL-565868
2024-02-19 14:20:00.765372,Fendi,4479.0,Completed,Standard,CL-764894
2024-02-19 14:20:00.765372,Gucci,2093.0,Completed,Standard,CL-625915
2024-02-19 14:20:00.765372,Fendi,5275.0,Completed,Standard,CL-478825
2024-02-19 14:20:00.765372,Gucci,2534.0,Completed,Standard,CL-301180
2024-02-20 14:20:00.765372,Chanel,-9794.0,Returned,High_End,CL-954824
2024-02-21 14:20:00.765372,Fendi,-4852.0,Returned,Standard,CL-646624
2024-02-22 14:20:00.765372,Hermès,10719.0,Completed,High_End,CL-806288
2024-02-24 14:20:00.765372,Fendi,4376.0,Completed,Standard,CL-740657
2024-02-26 14:20:00.765372,Louis Vuitton,6126.0,Completed,Standard,CL-241142
2024-02-27 14:20:00.765372,Hermès,-9723.0,Returned,High_End,CL-431934
2024-02-27 14:20:00.765372,Louis Vuitton,1962.0,Completed,Standard,CL-715949
2024-02-28 14:20:00.765372,Prada,3005.0,Completed,Standard,CL-307464
2024-02-28 14:20:00.765372,Fendi,4449.0,Completed,Standard,CL-902551
2024-02-28 14:20:00.765372,Louis Vuitton,1844.0,Completed,Standard,CL-834812
2024-02-28 14:20:00.765372,Gucci,2848.0,Completed,Standard,CL-273435
2024-02-29 14:20:00.765372,Gucci,2700.0,Completed,Standard,CL-136372
2024-02-29 14:20:00.765372,Gucci,3768.0,Completed,Standard,CL-159583
2024-03-01 14:20:00.765372,Louis Vuitton,7108.0,Completed,Standard,CL-321968
2024-03-02 14:20:00.765372,Celine,2151.0,Completed,Standard,CL-603468
2024-03-02 14:20:00.765372,Fendi,6454.0,Completed,Standard,CL-369261
2024-03-03 14:20:00.765372,Louis Vuitton,2611.0,Completed,Standard,CL-975360
2024-03-03 14:20:00.765372,Gucci,2353.0,Completed,Standard,CL-990521
2024-03-03 14:20:00.765372,Louis Vuitton,3081.0,Completed,Standard,CL-302591
2024-03-03 14:20:00.765372,Prada,2462.0,Completed,Standard,CL-132213
2024-03-05 14:20:00.765372,Fendi,2394.0,Completed,Standard,CL-646624
2024-03-05 14:20:00.765372,Louis Vuitton,3724.0,Completed,Standard,CL-135432
2024-03-06 14:20:00.765372,Celine,2151.0,Completed,Standard,CL-555433
2024-03-06 14:20:00.765372,Chanel,6767.0,Completed,High_End,CL-877277
2024-03-06 14:20:00.765372,Fendi,3111.0,Completed,Standard,CL-211886
2024-03-07 14:20:00.765372,Louis Vuitton,5384.0,Completed,Standard,CL-170942
2024-03-07 14:20:00.765372,Louis Vuitton,-2390.0,Returned,Standard,CL-464389
2024-03-08 14:20:00.765372,Fendi,2336.0,Completed,Standard,CL-545226
2024-03-08 14:20:00.765372,Fendi,3922.0,Completed,Standard,CL-380609
2024-03-08 14:20:00.765372,Fendi,3343.0,Completed,Standard,CL-412338
2024-03-09 14:20:00.765372,Hermès,3120.0,Completed,High_End,CL-223019
2024-03-10 14:20:00.765372,Gucci,2777.0,Completed,Standard,CL-896833
2024-03-10 14:20:00.765372,Celine,2169.0,Completed,Standard,CL-239742
2024-03-10 14:20:00.765372,Louis Vuitton,2544.0,Completed,Standard,CL-285174
2024-03-10 14:20:00.765372,Fendi,3525.0,Completed,Standard,CL-637501
2024-03-11 14:20:00.765372,Prada,2061.0,Completed,Standard,CL-993469
2024-03-11 14:20:00.765372,Louis Vuitton,1617.0,Completed,Standard,CL-893803
2024-03-12 14:20:00.765372,Louis Vuitton,2116.0,Completed,Standard,CL-342465
2024-03-12 14:20:00.765372,Celine,1954.0,Completed,Standard,CL-267770
2024-03-13 14:20:00.765372,Hermès,3043.0,Completed,High_End,CL-276613
2024-03-13 14:20:00.765372,Fendi,3142.0,Completed,Standard,CL-878493
2024-03-14 14:20:00.765372,Prada,3374.0,Completed,Standard,CL-898735
2024-03-15 14:20:00.765372,Louis Vuitton,6280.0,Completed,Standard,CL-606475
2024-03-15 14:20:00.765372,Louis Vuitton,3152.0,Completed,Standard,CL-136274
2024-03-16 14:20:00.765372,Chanel,7242.0,Completed,High_End,CL-886603
2024-03-17 14:20:00.765372,Louis Vuitton,1815.0,Completed,Standard,CL-870671
2024-03-17 14:20:00.765372,Dior,5165.0,Completed,High_End,CL-419409
2024-03-17 14:20:00.765372,Louis Vuitton,3152.0,Completed,Standard,CL-232887
2024-03-17 14:20:00.765372,Hermès,3339.0,Completed,High_End,CL-773892
2024-03-17 14:20:00.765372,Louis Vuitton,3698.0,Completed,Standard,CL-565868
2024-03-19 14:20:00.765372,Fendi,3922.0,Completed,Standard,CL-278780
2024-03-19 14:20:00.765372,Louis Vuitton,2116.0,Completed,Standard,CL-374359
2024-03-20 14:20:00.765372,Louis Vuitton,5578.0,Completed,Standard,CL-635485
2024-03-20 14:20:00.765372,Louis Vuitton,1807.0,Completed,Standard,CL-267017
2024-03-22 14:20:00.765372,Louis Vuitton,5604.0,Completed,Standard,CL-686129
2024-03-22 14:20:00.765372,Louis Vuitton,-3123.0,Returned,Standard,CL-737077
2024-03-22 14:20:00.765372,Fendi,5606.0,Completed,Standard,CL-987869
2024-03-23 14:20:00.765372,Louis Vuitton,6310.0,Completed,Standard,CL-627419
2024-03-23 14:20:00.765372,Louis Vuitton,5612.0,Completed,Standard,CL-901039
2024-03-23 14:20:00.765372,Gucci,3323.0,Completed,Standard,CL-596969
2024-03-23 14:20:00.765372,Celine,3895.0,Completed,Standard,CL-657006
2024-03-23 14:20:00.765372,Hermès,3467.0,Completed,High_End,CL-285174
2024-03-24 14:20:00.765372,Fendi,7857.0,Completed,Standard,CL-836295
2024-03-24 14:20:00.765372,Fendi,-3290.0,Returned,Standard,CL-626363
2024-03-25 14:20:00.765372,Celine,2091.0,Completed,Standard,CL-420839
2024-03-25 14:20:00.765372,Gucci,3332.0,Completed,Standard,CL-995318
2024-03-25 14:20:00.765372,Hermès,10072.0,Completed,High_End,CL-582596
2024-03-25 14:20:00.765372,Louis Vuitton,1769.0,Completed,Standard,CL-387725
2024-03-26 14:20:00.765372,Fendi,2968.0,Completed,Standard,CL-839725
2024-03-26 14:20:00.765372,Fendi,4449.0,Completed,Standard,CL-953879
2024-03-26 14:20:00.765372,Gucci,2645.0,Completed,Standard,CL-364761
2024-03-27 14:20:00.765372,Celine,3380.0,Completed,Standard,CL-545716
2024-03-28 14:20:00.765372,Louis Vuitton,5381.0,Completed,Standard,CL-686417
2024-03-28 14:20:00.765372,Chanel,3160.0,Completed,High_End,CL-422266
2024-03-29 14:20:00.765372,Fendi,6454.0,Completed,Standard,CL-581714
2024-03-29 14:20:00.765372,Hermès,12299.0,Completed,High_End,CL-591081
2024-03-30 14:20:00.765372,Fendi,3343.0,Completed,Standard,CL-445566
2024-03-30 14:20:00.765372,Louis Vuitton,2952.0,Completed,Standard,CL-883497
2024-03-30 14:20:00.765372,Gucci,3028.0,Completed,Standard,CL-483012
2024-04-01 14:20:00.765372,Fendi,3173.0,Completed,Standard,CL-225714
2024-04-01 14:20:00.765372,Louis Vuitton,3069.0,Completed,Standard,CL-983770
2024-04-01 14:20:00.765372,Chanel,7521.0,Completed,High_End,CL-214997
2024-04-02 14:20:00.765372,Fendi,2394.0,Completed,Standard,CL-718923
2024-04-03 14:20:00.765372,Celine,2380.0,Completed,Standard,CL-592791
2024-04-03 14:20:00.765372,Prada,2719.0,Completed,Standard,CL-916060
2024-04-04 14:20:00.765372,Louis Vuitton,2702.0,Completed,Standard,CL-431934
2024-04-04 14:20:00.765372,Louis Vuitton,-6280.0,Returned,Standard,CL-202679
2024-04-04 14:20:00.765372,Chanel,10461.0,Completed,High_End,CL-551841
2024-04-04 14:20:00.765372,Louis Vuitton,2410.0,Completed,Standard,CL-234707
2024-04-04 14:20:00.765372,Louis Vuitton,1469.0,Completed,Standard,CL-219646
2024-04-06 14:20:00.765372,Louis Vuitton,1989.0,Completed,Standard,CL-368118
2024-04-07 14:20:00.765372,Louis Vuitton,3001.0,Completed,Standard,CL-783860
2024-04-09 14:20:00.765372,Fendi,2394.0,Completed,Standard,CL-874572
2024-04-09 14:20:00.765372,Louis Vuitton,1989.0,Completed,Standard,CL-882552
2024-04-09 14:20:00.765372,Fendi,5606.0,Completed,Standard,CL-802648
2024-04-10 14:20:00.765372,Fendi,7857.0,Completed,Standard,CL-817968
2024-04-10 14:20:00.765372,Hermès,3396.0,Completed,High_End,CL-240793
2024-04-10 14:20:00.765372,Louis Vuitton,1962.0,Completed,Standard,CL-895041
2024-04-11 14:20:00.765372,Louis Vuitton,5542.0,Completed,Standard,CL-251538
2024-04-11 14:20:00.765372,Louis Vuitton,3081.0,Completed,Standard,CL-544702
2024-04-11 14:20:00.765372,Louis Vuitton,1837.0,Completed,Standard,CL-353983
2024-04-11 14:20:00.765372,Fendi,-3111.0,Returned,Standard,CL-772767
2024-04-11 14:20:00.765372,Fendi,4213.0,Completed,Standard,CL-657586
2024-04-12 14:20:00.765372,Hermès,4274.0,Completed,High_End,CL-314334
2024-04-12 14:20:00.765372,Louis Vuitton,4272.0,Completed,Standard,CL-828646
2024-04-13 14:20:00.765372,Loewe,2558.0,Completed,Standard,CL-882552
2024-04-14 14:20:00.765372,Fendi,7857.0,Completed,Standard,CL-724478
2024-04-15 14:20:00.765372,Fendi,3884.0,Completed,Standard,CL-753993
2024-04-16 14:20:00.765372,Gucci,2720.0,Completed,Standard,CL-432150
2024-04-16 14:20:00.765372,Gucci,2833.0,Completed,Standard,CL-563787
2024-04-17 14:20:00.765372,Fendi,6001.0,Completed,Standard,CL-875722
2024-04-17 14:20:00.765372,Prada,2059.0,Completed,Standard,CL-761537
2024-04-17 14:20:00.765372,Louis Vuitton,2952.0,Completed,Standard,CL-305478
2024-04-18 14:20:00.765372,Louis Vuitton,-1933.0,Returned,Standard,CL-922511
2024-04-19 14:20:00.765372,Louis Vuitton,1769.0,Completed,Standard,CL-376625
2024-04-20 14:20:00.765372,Louis Vuitton,2494.0,Completed,Standard,CL-896254
2024-04-20 14:20:00.765372,Fendi,4738.0,Completed,Standard,CL-205446
2024-04-23 14:20:00.765372,Hermès,3487.0,Completed,High_End,CL-575247
2024-04-26 14:20:00.765372,Fendi,4449.0,Completed,Standard,CL-408663
2024-04-26 14:20:00.765372,Louis Vuitton,2402.0,Completed,Standard,CL-555571
2024-04-27 14:20:00.765372,Fendi,3824.0,Completed,Standard,CL-208067
2024-04-27 14:20:00.765372,Fendi,5007.0,Completed,Standard,CL-945675
2024-04-28 14:20:00.765372,Celine,2402.0,Completed,Standard,CL-706511
2024-04-28 14:20:00.765372,Fendi,2968.0,Completed,Standard,CL-345506
2024-04-28 14:20:00.765372,Louis Vuitton,2410.0,Completed,Standard,CL-529762
2024-04-29 14:20:00.765372,Celine,4014.0,Completed,Standard,CL-821457
2024-04-29 14:20:00.765372,Prada,2719.0,Completed,Standard,CL-978284
2024-04-29 14:20:00.765372,Fendi,3408.0,Completed,Standard,CL-389806
2024-04-29 14:20:00.765372,Louis Vuitton,3106.0,Completed,Standard,CL-553026
2024-05-01 14:20:00.765372,Louis Vuitton,1767.0,Completed,Standard,CL-647884
2024-05-03 14:20:00.765372,Hermès,8482.0,Completed,High_End,CL-144456
2024-05-05 14:20:00.765372,Louis Vuitton,1844.0,Completed,Standard,CL-893803
2024-05-06 14:20:00.765372,Hermès,3320.0,Completed,High_End,CL-879163
2024-05-06 14:20:00.765372,Louis Vuitton,3698.0,Completed,Standard,CL-177322
2024-05-06 14:20:00.765372,Prada,1981.0,Completed,Standard,CL-529762
2024-05-06 14:20:00.765372,Fendi,4738.0,Completed,Standard,CL-551530
2024-05-06 14:20:00.765372,Louis Vuitton,5598.0,Completed,Standard,CL-413619
2024-05-07 14:20:00.765372,Celine,3895.0,Completed,Standard,CL-229386
2024-05-09 14:20:00.765372,Louis Vuitton,1474.0,Completed,Standard,CL-770865
2024-05-09 14:20:00.765372,Chanel,9508.0,Completed,High_End,CL-848184
2024-05-10 14:20:00.765372,Louis Vuitton,5604.0,Completed,Standard,CL-339172
2024-05-10 14:20:00.765372,Chanel,8304.0,Completed,High_End,CL-285855
2024-05-11 14:20:00.765372,Celine,2380.0,Completed,Standard,CL-158041
2024-05-11 14:20:00.765372,Louis Vuitton,5895.0,Completed,Standard,CL-371452
2024-05-11 14:20:00.765372,Fendi,5243.0,Completed,Standard,CL-420481
2024-05-13 14:20:00.765372,Hermès,5966.0,Completed,High_End,CL-622438
2024-05-14 14:20:00.765372,Prada,3110.0,Completed,Standard,CL-508679
2024-05-17 14:20:00.765372,Louis Vuitton,1989.0,Completed,Standard,CL-535869
2024-05-17 14:20:00.765372,Fendi,5275.0,Completed,Standard,CL-547828
2024-05-17 14:20:00.765372,Louis Vuitton,2390.0,Completed,Standard,CL-612312
2024-05-17 14:20:00.765372,Louis Vuitton,1884.0,Completed,Standard,CL-850907
2024-05-18 14:20:00.765372,Fendi,5606.0,Completed,Standard,CL-926188
2024-05-20 14:20:00.765372,Prada,3119.0,Completed,Standard,CL-419037
2024-05-21 14:20:00.765372,Fendi,2842.0,Completed,Standard,CL-461677
2024-05-22 14:20:00.765372,Chanel,4824.0,Completed,High_End,CL-437333
2024-05-23 14:20:00.765372,Fendi,5243.0,Completed,Standard,CL-725271
2024-05-23 14:20:00.765372,Louis Vuitton,5612.0,Completed,Standard,CL-115230
2024-05-24 14:20:00.765372,Celine,1593.0,Completed,Standard,CL-886026
2024-05-25 14:20:00.765372,Louis Vuitton,5505.0,Completed,Standard,CL-686688
2024-05-25 14:20:00.765372,Chanel,6767.0,Completed,High_End,CL-178879
2024-05-26 14:20:00.765372,Fendi,5083.0,Completed,Standard,CL-828766
2024-05-26 14:20:00.765372,Fendi,3114.0,Completed,Standard,CL-165053
2024-05-27 14:20:00.765372,Louis Vuitton,5604.0,Completed,Standard,CL-443975
2024-05-27 14:20:00.765372,Louis Vuitton,6280.0,Completed,Standard,CL-804561
2024-05-28 14:20:00.765372,Fendi,3244.0,Completed,Standard,CL-782443
2024-05-29 14:20:00.765372,Louis Vuitton,2322.0,Completed,Standard,CL-214997
2024-05-29 14:20:00.765372,Loewe,2176.0,Completed,Standard,CL-180909
2024-05-29 14:20:00.765372,Celine,1869.0,Completed,Standard,CL-201348
2024-05-29 14:20:00.765372,Chanel,7201.0,Completed,High_End,CL-468438
2024-05-29 14:20:00.765372,Gucci,2093.0,Completed,Standard,CL-530689
2024-05-31 14:20:00.765372,Hermès,9601.0,Completed,High_End,CL-136274
2024-06-01 14:20:00.765372,Chanel,13542.0,Completed,High_End,CL-567534
2024-06-01 14:20:00.765372,Fendi,3111.0,Completed,Standard,CL-164911
2024-06-04 14:20:00.765372,Chanel,3160.0,Completed,High_End,CL-136673
2024-06-05 14:20:00.765372,Celine,2764.0,Completed,Standard,CL-558804
2024-06-06 14:20:00.765372,Louis Vuitton,2562.0,Completed,Standard,CL-308681
2024-06-07 14:20:00.765372,Louis Vuitton,1609.0,Completed,Standard,CL-932599
2024-06-08 14:20:00.765372,Chanel,3209.0,Completed,High_End,CL-433649
2024-06-08 14:20:00.765372,Gucci,2051.0,Completed,Standard,CL-102611
2024-06-09 14:20:00.765372,Hermès,4191.0,Completed,High_End,CL-285174
2024-06-10 14:20:00.765372,Celine,2300.0,Completed,Standard,CL-115230
2024-06-12 14:20:00.765372,Fendi,3114.0,Completed,Standard,CL-211886
2024-06-12 14:20:00.765372,Fendi,2727.0,Completed,Standard,CL-111412
2024-06-13 14:20:00.765372,Fendi,5324.0,Completed,Standard,CL-856514
2024-06-13 14:20:00.765372,Louis Vuitton,1844.0,Completed,Standard,CL-453202
2024-06-15 14:20:00.765372,Loewe,1775.0,Completed,Standard,CL-798905
2024-06-17 14:20:00.765372,Prada,-3119.0,Returned,Standard,CL-902181
2024-06-18 14:20:00.765372,Louis Vuitton,6126.0,Completed,Standard,CL-109877
2024-06-19 14:20:00.765372,Prada,1798.0,Completed,Standard,CL-843115
2024-06-19 14:20:00.765372,Fendi,7857.0,Completed,Standard,CL-738813
2024-06-21 14:20:00.765372,Hermès,3120.0,Completed,High_End,CL-343506
2024-06-22 14:20:00.765372,Fendi,6696.0,Completed,Standard,CL-413619
2024-06-22 14:20:00.765372,Louis Vuitton,2579.0,Completed,Standard,CL-655671
2024-06-22 14:20:00.765372,Hermès,3530.0,Completed,High_End,CL-359903
2024-06-24 14:20:00.765372,Prada,2719.0,Completed,Standard,CL-281624
2024-06-24 14:20:00.765372,Louis Vuitton,4208.0,Completed,Standard,CL-631198
2024-06-24 14:20:00.765372,Fendi,3180.0,Completed,Standard,CL-358026
2024-06-24 14:20:00.765372,Gucci,3716.0,Completed,Standard,CL-575381
2024-06-24 14:20:00.765372,Fendi,3343.0,Completed,Standard,CL-450529
2024-06-25 14:20:00.765372,Chanel,3441.0,Completed,High_End,CL-402647
2024-06-25 14:20:00.765372,Prada,2885.0,Completed,Standard,CL-686129
2024-06-26 14:20:00.765372,Louis Vuitton,3094.0,Completed,Standard,CL-240268
2024-06-26 14:20:00.765372,Louis Vuitton,-1611.0,Returned,Standard,CL-471172
2024-06-26 14:20:00.765372,Louis Vuitton,1467.0,Completed,Standard,CL-772457
2024-06-27 14:20:00.765372,Prada,2655.0,Completed,Standard,CL-105999
2024-06-28 14:20:00.765372,Louis Vuitton,3718.0,Completed,Standard,CL-172857
2024-06-29 14:20:00.765372,Fendi,5083.0,Completed,Standard,CL-675345
2024-06-29 14:20:00.765372,Fendi,2394.0,Completed,Standard,CL-373511
2024-06-30 14:20:00.765372,Fendi,3398.0,Completed,Standard,CL-933568
2024-07-01 14:20:00.765372,Fendi,4852.0,Completed,Standard,CL-334415
2024-07-02 14:20:00.765372,Fendi,-3142.0,Returned,Standard,CL-654542
2024-07-02 14:20:00.765372,Louis Vuitton,2009.0,Completed,Standard,CL-912804
2024-07-02 14:20:00.765372,Fendi,4394.0,Completed,Standard,CL-585851
2024-07-02 14:20:00.765372,Fendi,4449.0,Completed,Standard,CL-928007
2024-07-03 14:20:00.765372,Fendi,3343.0,Completed,Standard,CL-151384
2024-07-04 14:20:00.765372,Gucci,2465.0,Completed,Standard,CL-940671
2024-07-05 14:20:00.765372,Louis Vuitton,3222.0,Completed,Standard,CL-723870
2024-07-07 14:20:00.765372,Louis Vuitton,3134.0,Completed,Standard,CL-239742
2024-07-07 14:20:00.765372,Fendi,3244.0,Completed,Standard,CL-981580
2024-07-08 14:20:00.765372,Hermès,-3475.0,Returned,High_End,CL-105978
2024-07-09 14:20:00.765372,Louis Vuitton,1541.0,Completed,Standard,CL-369261
2024-07-09 14:20:00.765372,Fendi,-3244.0,Returned,Standard,CL-144456
2024-07-09 14:20:00.765372,Hermès,8773.0,Completed,High_End,CL-967382
2024-07-10 14:20:00.765372,Louis Vuitton,5384.0,Completed,Standard,CL-399050
2024-07-12 14:20:00.765372,Louis Vuitton,2116.0,Completed,Standard,CL-470237
2024-07-13 14:20:00.765372,Fendi,2394.0,Completed,Standard,CL-445288
2024-07-14 14:20:00.765372,Louis Vuitton,1898.0,Completed,Standard,CL-723870
2024-07-14 14:20:00.765372,Louis Vuitton,-5612.0,Returned,Standard,CL-399804
2024-07-15 14:20:00.765372,Louis Vuitton,1909.0,Completed,Standard,CL-299048
2024-07-16 14:20:00.765372,Fendi,3343.0,Completed,Standard,CL-631418
2024-07-16 14:20:00.765372,Fendi,6001.0,Completed,Standard,CL-381072
2024-07-16 14:20:00.765372,Louis Vuitton,-1853.0,Returned,Standard,CL-251538
2024-07-16 14:20:00.765372,Hermès,16131.0,Completed,High_End,CL-272713
2024-07-17 14:20:00.765372,Fendi,3343.0,Completed,Standard,CL-760739
2024-07-18 14:20:00.765372,Louis Vuitton,3123.0,Completed,Standard,CL-877277
2024-07-19 14:20:00.765372,Louis Vuitton,2083.0,Completed,Standard,CL-234496
2024-07-19 14:20:00.765372,Prada,3034.0,Completed,Standard,CL-241917
2024-07-20 14:20:00.765372,Chanel,9249.0,Completed,High_End,CL-405072
2024-07-20 14:20:00.765372,Louis Vuitton,1933.0,Completed,Standard,CL-286339
2024-07-21 14:20:00.765372,Chanel,3622.0,Completed,High_End,CL-107122
2024-07-21 14:20:00.765372,Prada,1798.0,Completed,Standard,CL-867518
2024-07-22 14:20:00.765372,Prada,-1831.0,Returned,Standard,CL-846928
2024-07-22 14:20:00.765372,Louis Vuitton,1860.0,Completed,Standard,CL-928531
2024-07-23 14:20:00.765372,Prada,2688.0,Completed,Standard,CL-547196
2024-07-23 14:20:00.765372,Fendi,-2265.0,Returned,Standard,CL-212429
2024-07-25 14:20:00.765372,Louis Vuitton,1469.0,Completed,Standard,CL-540685
2024-07-25 14:20:00.765372,Fendi,3180.0,Completed,Standard,CL-278611
2024-07-26 14:20:00.765372,Louis Vuitton,3718.0,Completed,Standard,CL-916017
2024-07-26 14:20:00.765372,Louis Vuitton,2083.0,Completed,Standard,CL-624738
2024-07-26 14:20:00.765372,Louis Vuitton,5431.0,Completed,Standard,CL-596969
2024-07-27 14:20:00.765372,Prada,4386.0,Completed,Standard,CL-498235
2024-07-27 14:20:00.765372,Gucci,2645.0,Completed,Standard,CL-945675
2024-07-28 14:20:00.765372,Fendi,4213.0,Completed,Standard,CL-301180
2024-07-28 14:20:00.765372,Louis Vuitton,2234.0,Completed,Standard,CL-110749
2024-07-29 14:20:00.765372,Gucci,2093.0,Completed,Standard,CL-503912
2024-07-30 14:20:00.765372,Celine,2931.0,Completed,Standard,CL-267981
2024-08-02 14:20:00.765372,Louis Vuitton,1909.0,Completed,Standard,CL-974530
2024-08-02 14:20:00.765372,Fendi,6696.0,Completed,Standard,CL-452016
2024-08-02 14:20:00.765372,Louis Vuitton,1617.0,Completed,Standard,CL-459296
2024-08-03 14:20:00.765372,Hermès,3530.0,Completed,High_End,CL-635485
2024-08-03 14:20:00.765372,Prada,3110.0,Completed,Standard,CL-686688
2024-08-04 14:20:00.765372,Celine,3923.0,Completed,Standard,CL-116106
2024-08-05 14:20:00.765372,Fendi,2265.0,Completed,Standard,CL-233161
2024-08-05 14:20:00.765372,Fendi,5007.0,Completed,Standard,CL-485165
2024-08-06 14:20:00.765372,Fendi,2336.0,Completed,Standard,CL-551530
2024-08-06 14:20:00.765372,Fendi,2968.0,Completed,Standard,CL-627499
2024-08-06 14:20:00.765372,Fendi,-2968.0,Returned,Standard,CL-761809
2024-08-06 14:20:00.765372,Louis Vuitton,7046.0,Completed,Standard,CL-112230
2024-08-07 14:20:00.765372,Fendi,2727.0,Completed,Standard,CL-570319
2024-08-07 14:20:00.765372,Gucci,3028.0,Completed,Standard,CL-826876
2024-08-08 14:20:00.765372,Fendi,3111.0,Completed,Standard,CL-592370
2024-08-08 14:20:00.765372,Louis Vuitton,2060.0,Completed,Standard,CL-705891
2024-08-08 14:20:00.765372,Louis Vuitton,2009.0,Completed,Standard,CL-350078
2024-08-09 14:20:00.765372,Fendi,3216.0,Completed,Standard,CL-208486
2024-08-09 14:20:00.765372,Fendi,6696.0,Completed,Standard,CL-234986
2024-08-09 14:20:00.765372,Louis Vuitton,3146.0,Completed,Standard,CL-973890
2024-08-09 14:20:00.765372,Fendi,2968.0,Completed,Standard,CL-697688
2024-08-10 14:20:00.765372,Louis Vuitton,3108.0,Completed,Standard,CL-730900
2024-08-11 14:20:00.765372,Louis Vuitton,1815.0,Completed,Standard,CL-409279
2024-08-11 14:20:00.765372,Louis Vuitton,2307.0,Completed,Standard,CL-676465
2024-08-12 14:20:00.765372,Fendi,4449.0,Completed,Standard,CL-385464
2024-08-12 14:20:00.765372,Fendi,3290.0,Completed,Standard,CL-892994
2024-08-12 14:20:00.765372,Fendi,2265.0,Completed,Standard,CL-732893
2024-08-13 14:20:00.765372,Louis Vuitton,3123.0,Completed,Standard,CL-575899
2024-08-14 14:20:00.765372,Louis Vuitton,6126.0,Completed,Standard,CL-828646
2024-08-14 14:20:00.765372,Gucci,-2303.0,Returned,Standard,CL-201779
2024-08-15 14:20:00.765372,Prada,4629.0,Completed,Standard,CL-804561
2024-08-16 14:20:00.765372,Fendi,3244.0,Completed,Standard,CL-260328
2024-08-16 14:20:00.765372,Louis Vuitton,1767.0,Completed,Standard,CL-606053
2024-08-18 14:20:00.765372,Fendi,2394.0,Completed,Standard,CL-746081
2024-08-18 14:20:00.765372,Louis Vuitton,1898.0,Completed,Standard,CL-125858
2024-08-18 14:20:00.765372,Chanel,9794.0,Completed,High_End,CL-270881
2024-08-20 14:20:00.765372,Fendi,3216.0,Completed,Standard,CL-832870
2024-08-20 14:20:00.765372,Hermès,3862.0,Completed,High_End,CL-551530
2024-08-20 14:20:00.765372,Louis Vuitton,6310.0,Completed,Standard,CL-333921
2024-08-20 14:20:00.765372,Fendi,-3824.0,Returned,Standard,CL-738813
2024-08-22 14:20:00.765372,Louis Vuitton,2410.0,Completed,Standard,CL-964101
2024-08-22 14:20:00.765372,Louis Vuitton,1458.0,Completed,Standard,CL-479404
2024-08-23 14:20:00.765372,Celine,3802.0,Completed,Standard,CL-354367
2024-08-23 14:20:00.765372,Hermès,8658.0,Completed,High_End,CL-380509
2024-08-25 14:20:00.765372,Celine,2524.0,Completed,Standard,CL-610834
2024-08-26 14:20:00.765372,Celine,3281.0,Completed,Standard,CL-457993
2024-08-26 14:20:00.765372,Celine,3802.0,Completed,Standard,CL-413991
2024-08-27 14:20:00.765372,Fendi,3713.0,Completed,Standard,CL-482462
2024-08-28 14:20:00.765372,Prada,1825.0,Completed,Standard,CL-172857
2024-08-29 14:20:00.765372,Louis Vuitton,-2702.0,Returned,Standard,CL-380102
2024-08-29 14:20:00.765372,Fendi,3285.0,Completed,Standard,CL-939384
2024-08-29 14:20:00.765372,Prada,1694.0,Completed,Standard,CL-679218
2024-08-30 14:20:00.765372,Fendi,2336.0,Completed,Standard,CL-281624
2024-08-31 14:20:00.765372,Prada,3726.0,Completed,Standard,CL-968552
2024-09-01 14:20:00.765372,Louis Vuitton,2390.0,Completed,Standard,CL-870671
2024-09-02 14:20:00.765372,Gucci,3041.0,Completed,Standard,CL-707951
2024-09-03 14:20:00.765372,Louis Vuitton,1627.0,Completed,Standard,CL-399050
2024-09-04 14:20:00.765372,Fendi,2842.0,Completed,Standard,CL-658419
2024-09-04 14:20:00.765372,Fendi,4015.0,Completed,Standard,CL-441064
2024-09-05 14:20:00.765372,Fendi,3216.0,Completed,Standard,CL-471493
2024-09-06 14:20:00.765372,Prada,2948.0,Completed,Standard,CL-390785
2024-09-07 14:20:00.765372,Louis Vuitton,1962.0,Completed,Standard,CL-360709
2024-09-07 14:20:00.765372,Gucci,1808.0,Completed,Standard,CL-676091
2024-09-07 14:20:00.765372,Chanel,2878.0,Completed,High_End,CL-111412
2024-09-07 14:20:00.765372,Fendi,3408.0,Completed,Standard,CL-132563
2024-09-07 14:20:00.765372,Fendi,6696.0,Completed,Standard,CL-279815
2024-09-08 14:20:00.765372,Louis Vuitton,5578.0,Completed,Standard,CL-356611
2024-09-08 14:20:00.765372,Celine,2524.0,Completed,Standard,CL-935660
2024-09-08 14:20:00.765372,Louis Vuitton,3718.0,Completed,Standard,CL-686129
2024-09-08 14:20:00.765372,Hermès,15974.0,Completed,High_End,CL-712924
2024-09-09 14:20:00.765372,Chanel,6468.0,Completed,High_End,CL-547828
2024-09-09 14:20:00.765372,Louis Vuitton,3123.0,Completed,Standard,CL-343506
2024-09-09 14:20:00.765372,Dior,6703.0,Completed,High_End,CL-836295
2024-09-09 14:20:00.765372,Celine,1998.0,Completed,Standard,CL-368324
2024-09-10 14:20:00.765372,Gucci,2694.0,Completed,Standard,CL-688369
2024-09-10 14:20:00.765372,Louis Vuitton,1962.0,Completed,Standard,CL-474678
2024-09-11 14:20:00.765372,Prada,2992.0,Completed,Standard,CL-620945
2024-09-14 14:20:00.765372,Prada,2033.0,Completed,Standard,CL-657586
2024-09-14 14:20:00.765372,Prada,2061.0,Completed,Standard,CL-412118
2024-09-15 14:20:00.765372,Louis Vuitton,1989.0,Completed,Standard,CL-577411
2024-09-17 14:20:00.765372,Louis Vuitton,1541.0,Completed,Standard,CL-852056
2024-09-17 14:20:00.765372,Fendi,3216.0,Completed,Standard,CL-922739
2024-09-18 14:20:00.765372,Fendi,3532.0,Completed,Standard,CL-381072
2024-09-18 14:20:00.765372,Prada,2992.0,Completed,Standard,CL-142096
2024-09-18 14:20:00.765372,Hermès,3304.0,Completed,High_End,CL-408663
2024-09-19 14:20:00.765372,Fendi,3244.0,Completed,Standard,CL-940149
2024-09-20 14:20:00.765372,Fendi,4213.0,Completed,Standard,CL-771385
2024-09-21 14:20:00.765372,Chanel,10074.0,Completed,High_End,CL-747106
2024-09-22 14:20:00.765372,Gucci,3518.0,Completed,Standard,CL-922739
2024-09-23 14:20:00.765372,Fendi,3343.0,Completed,Standard,CL-846928
2024-09-23 14:20:00.765372,Louis Vuitton,1541.0,Completed,Standard,CL-997950
2024-09-23 14:20:00.765372,Fendi,3884.0,Completed,Standard,CL-172857
2024-09-25 14:20:00.765372,Louis Vuitton,1868.0,Completed,Standard,CL-600608
2024-09-25 14:20:00.765372,Loewe,1912.0,Completed,Standard,CL-170942
2024-09-26 14:20:00.765372,Louis Vuitton,1474.0,Completed,Standard,CL-804561
2024-09-27 14:20:00.765372,Louis Vuitton,1700.0,Completed,Standard,CL-575381
2024-09-27 14:20:00.765372,Gucci,3332.0,Completed,Standard,CL-723870
2024-09-28 14:20:00.765372,Prada,2885.0,Completed,Standard,CL-707951
2024-09-28 14:20:00.765372,Prada,1981.0,Completed,Standard,CL-934223
2024-09-28 14:20:00.765372,Louis Vuitton,1884.0,Completed,Standard,CL-235842
2024-09-29 14:20:00.765372,Gucci,2611.0,Completed,Standard,CL-707784
2024-09-29 14:20:00.765372,Fendi,3922.0,Completed,Standard,CL-373511
2024-09-29 14:20:00.765372,Hermès,2979.0,Completed,High_End,CL-846094
2024-10-01 14:20:00.765372,Chanel,2930.0,Completed,High_End,CL-882552
2024-10-01 14:20:00.765372,Louis Vuitton,1830.0,Completed,Standard,CL-698879
2024-10-02 14:20:00.765372,Louis Vuitton,2544.0,Completed,Standard,CL-300102
2024-10-02 14:20:00.765372,Fendi,4449.0,Completed,Standard,CL-575899
2024-10-02 14:20:00.765372,Fendi,3111.0,Completed,Standard,CL-100667
2024-10-03 14:20:00.765372,Fendi,3111.0,Completed,Standard,CL-632632
2024-10-03 14:20:00.765372,Chanel,8946.0,Completed,High_End,CL-252524
2024-10-04 14:20:00.765372,Louis Vuitton,1804.0,Completed,Standard,CL-105999
2024-10-05 14:20:00.765372,Gucci,2833.0,Completed,Standard,CL-114596
2024-10-06 14:20:00.765372,Prada,3770.0,Completed,Standard,CL-657691
2024-10-06 14:20:00.765372,Louis Vuitton,1844.0,Completed,Standard,CL-770859
2024-10-07 14:20:00.765372,Louis Vuitton,3123.0,Completed,Standard,CL-973890
2024-10-07 14:20:00.765372,Louis Vuitton,2494.0,Completed,Standard,CL-828646
2024-10-08 14:20:00.765372,Gucci,3332.0,Completed,Standard,CL-484508
2024-10-09 14:20:00.765372,Fendi,2265.0,Completed,Standard,CL-973688
2024-10-09 14:20:00.765372,Fendi,-2954.0,Returned,Standard,CL-323595
2024-10-10 14:20:00.765372,Louis Vuitton,2605.0,Completed,Standard,CL-146517
2024-10-11 14:20:00.765372,Louis Vuitton,4272.0,Completed,Standard,CL-498235
2024-10-11 14:20:00.765372,Fendi,3824.0,Completed,Standard,CL-167414
2024-10-11 14:20:00.765372,Louis Vuitton,1609.0,Completed,Standard,CL-354583
2024-10-13 14:20:00.765372,Fendi,-4738.0,Returned,Standard,CL-632561
2024-10-13 14:20:00.765372,Fendi,4449.0,Completed,Standard,CL-668130
2024-10-15 14:20:00.765372,Louis Vuitton,1860.0,Completed,Standard,CL-983770
2024-10-16 14:20:00.765372,Chanel,5095.0,Completed,High_End,CL-649787
2024-10-16 14:20:00.765372,Prada,1382.0,Completed,Standard,CL-676091
2024-10-17 14:20:00.765372,Louis Vuitton,1609.0,Completed,Standard,CL-685174
2024-10-18 14:20:00.765372,Chanel,8304.0,Completed,High_End,CL-170898
2024-10-18 14:20:00.765372,Fendi,3331.0,Completed,Standard,CL-164360
2024-10-18 14:20:00.765372,Fendi,3173.0,Completed,Standard,CL-105978
2024-10-20 14:20:00.765372,Louis Vuitton,1884.0,Completed,Standard,CL-848184
2024-10-21 14:20:00.765372,Louis Vuitton,1458.0,Completed,Standard,CL-529842
2024-10-21 14:20:00.765372,Louis Vuitton,3718.0,Completed,Standard,CL-629717
2024-10-22 14:20:00.765372,Fendi,4581.0,Completed,Standard,CL-113665
2024-10-22 14:20:00.765372,Hermès,11349.0,Completed,High_End,CL-551530
2024-10-22 14:20:00.765372,Louis Vuitton,1933.0,Completed,Standard,CL-114499
2024-10-22 14:20:00.765372,Louis Vuitton,1898.0,Completed,Standard,CL-383754
2024-10-22 14:20:00.765372,Louis Vuitton,2234.0,Completed,Standard,CL-969935
2024-10-23 14:20:00.765372,Louis Vuitton,2039.0,Completed,Standard,CL-409279
2024-10-24 14:20:00.765372,Fendi,5007.0,Completed,Standard,CL-376625
2024-10-24 14:20:00.765372,Fendi,2727.0,Completed,Standard,CL-173312
2024-10-25 14:20:00.765372,Louis Vuitton,4208.0,Completed,Standard,CL-934567
2024-10-25 14:20:00.765372,Chanel,8580.0,Completed,High_End,CL-819150
2024-10-27 14:20:00.765372,Louis Vuitton,2307.0,Completed,Standard,CL-291722
2024-10-27 14:20:00.765372,Louis Vuitton,3069.0,Completed,Standard,CL-181867
2024-10-28 14:20:00.765372,Fendi,5083.0,Completed,Standard,CL-426702
2024-10-28 14:20:00.765372,Gucci,2303.0,Completed,Standard,CL-951327
2024-10-29 14:20:00.765372,Fendi,3532.0,Completed,Standard,CL-607278
2024-10-30 14:20:00.765372,Fendi,2818.0,Completed,Standard,CL-716891
2024-10-30 14:20:00.765372,Fendi,3180.0,Completed,Standard,CL-608610
2024-11-01 14:20:00.765372,Celine,1741.0,Completed,Standard,CL-738813
2024-11-02 14:20:00.765372,Louis Vuitton,5895.0,Completed,Standard,CL-249174
2024-11-02 14:20:00.765372,Louis Vuitton,5542.0,Completed,Standard,CL-201779
2024-11-03 14:20:00.765372,Louis Vuitton,-2579.0,Returned,Standard,CL-880784
2024-11-03 14:20:00.765372,Prada,1922.0,Completed,Standard,CL-332704
2024-11-04 14:20:00.765372,Louis Vuitton,2009.0,Completed,Standard,CL-141629
2024-11-07 14:20:00.765372,Fendi,-3713.0,Returned,Standard,CL-799877
2024-11-07 14:20:00.765372,Fendi,4738.0,Completed,Standard,CL-788465
2024-11-08 14:20:00.765372,Chanel,3110.0,Completed,High_End,CL-553026
2024-11-10 14:20:00.765372,Fendi,6331.0,Completed,Standard,CL-239742
2024-11-10 14:20:00.765372,Fendi,6001.0,Completed,Standard,CL-846685
2024-11-10 14:20:00.765372,Fendi,5275.0,Completed,Standard,CL-611538
2024-11-11 14:20:00.765372,Prada,2871.0,Completed,Standard,CL-761537
2024-11-11 14:20:00.765372,Fendi,5243.0,Completed,Standard,CL-317532
2024-11-11 14:20:00.765372,Louis Vuitton,-6126.0,Returned,Standard,CL-193387
2024-11-11 14:20:00.765372,Fendi,3111.0,Completed,Standard,CL-447511
2024-11-11 14:20:00.765372,Louis Vuitton,2413.0,Completed,Standard,CL-498876
2024-11-12 14:20:00.765372,Fendi,4449.0,Completed,Standard,CL-570319
2024-11-13 14:20:00.765372,Louis Vuitton,2009.0,Completed,Standard,CL-164360
2024-11-13 14:20:00.765372,Chanel,3413.0,Completed,High_End,CL-122377
2024-11-14 14:20:00.765372,Celine,3344.0,Completed,Standard,CL-770339
2024-11-14 14:20:00.765372,Fendi,2968.0,Completed,Standard,CL-813199
2024-11-14 14:20:00.765372,Fendi,3884.0,Completed,Standard,CL-498149
2024-11-14 14:20:00.765372,Fendi,5275.0,Completed,Standard,CL-267981
2024-11-15 14:20:00.765372,Louis Vuitton,3172.0,Completed,Standard,CL-799877
2024-11-16 14:20:00.765372,Fendi,5324.0,Completed,Standard,CL-151390
2024-11-16 14:20:00.765372,Prada,2084.0,Completed,Standard,CL-285174
2024-11-16 14:20:00.765372,Louis Vuitton,1804.0,Completed,Standard,CL-519152
2024-11-17 14:20:00.765372,Fendi,3331.0,Completed,Standard,CL-799877
2024-11-17 14:20:00.765372,Louis Vuitton,1815.0,Completed,Standard,CL-425794
2024-11-18 14:20:00.765372,Celine,4782.0,Completed,Standard,CL-925506
2024-11-19 14:20:00.765372,Hermès,3487.0,Completed,High_End,CL-529842
2024-11-20 14:20:00.765372,Fendi,3111.0,Completed,Standard,CL-535869
2024-11-20 14:20:00.765372,Louis Vuitton,1844.0,Completed,Standard,CL-911874
2024-11-20 14:20:00.765372,Louis Vuitton,2494.0,Completed,Standard,CL-399050
2024-11-20 14:20:00.765372,Louis Vuitton,2390.0,Completed,Standard,CL-408671
2024-11-21 14:20:00.765372,Fendi,3216.0,Completed,Standard,CL-572344
2024-11-22 14:20:00.765372,Loewe,2101.0,Completed,Standard,CL-910078
2024-11-22 14:20:00.765372,Fendi,3532.0,Completed,Standard,CL-603468
2024-11-24 14:20:00.765372,Louis Vuitton,2131.0,Completed,Standard,CL-655626
2024-11-26 14:20:00.765372,Hermès,4458.0,Completed,High_End,CL-707951
2024-11-26 14:20:00.765372,Louis Vuitton,1807.0,Completed,Standard,CL-223990
2024-11-27 14:20:00.765372,Louis Vuitton,2952.0,Completed,Standard,CL-317532
2024-11-27 14:20:00.765372,Louis Vuitton,2702.0,Completed,Standard,CL-939142
2024-11-27 14:20:00.765372,Louis Vuitton,2390.0,Completed,Standard,CL-118979
2024-11-27 14:20:00.765372,Fendi,3111.0,Completed,Standard,CL-158015
2024-11-28 14:20:00.765372,Louis Vuitton,3172.0,Completed,Standard,CL-982426
2024-11-28 14:20:00.765372,Celine,2524.0,Completed,Standard,CL-982327
2024-11-29 14:20:00.765372,Fendi,3532.0,Completed,Standard,CL-770339
2024-11-29 14:20:00.765372,Louis Vuitton,2116.0,Completed,Standard,CL-855745
2024-11-30 14:20:00.765372,Celine,4782.0,Completed,Standard,CL-241917
2024-12-01 14:20:00.765372,Fendi,5083.0,Completed,Standard,CL-722002
2024-12-01 14:20:00.765372,Louis Vuitton,2083.0,Completed,Standard,CL-994765
2024-12-02 14:20:00.765372,Fendi,3408.0,Completed,Standard,CL-456016
2024-12-02 14:20:00.765372,Prada,2948.0,Completed,Standard,CL-698879
2024-12-03 14:20:00.765372,Fendi,2394.0,Completed,Standard,CL-799141
2024-12-03 14:20:00.765372,Louis Vuitton,2358.0,Completed,Standard,CL-384979
2024-12-03 14:20:00.765372,Gucci,2309.0,Completed,Standard,CL-615222
2024-12-03 14:20:00.765372,Louis Vuitton,2009.0,Completed,Standard,CL-208067
2024-12-04 14:20:00.765372,Loewe,2708.0,Completed,Standard,CL-974343
2024-12-04 14:20:00.765372,Fendi,4237.0,Completed,Standard,CL-686725
2024-12-05 14:20:00.765372,Fendi,-3111.0,Returned,Standard,CL-577882
2024-12-05 14:20:00.765372,Fendi,2265.0,Completed,Standard,CL-655671
2024-12-07 14:20:00.765372,Louis Vuitton,5612.0,Completed,Standard,CL-309927
2024-12-09 14:20:00.765372,Louis Vuitton,2060.0,Completed,Standard,CL-155778
2024-12-09 14:20:00.765372,Louis Vuitton,2611.0,Completed,Standard,CL-287547
2024-12-10 14:20:00.765372,Chanel,-9086.0,Returned,High_End,CL-735323
2024-12-10 14:20:00.765372,Celine,1134.0,Completed,Standard,CL-545716
2024-12-10 14:20:00.765372,Fendi,4852.0,Completed,Standard,CL-146244
2024-12-11 14:20:00.765372,Fendi,5083.0,Completed,Standard,CL-380705
2024-12-12 14:20:00.765372,Loewe,2278.0,Completed,Standard,CL-519079
2024-12-14 14:20:00.765372,Prada,3770.0,Completed,Standard,CL-223019
2024-12-14 14:20:00.765372,Louis Vuitton,4559.0,Completed,Standard,CL-125382
2024-12-14 14:20:00.765372,Louis Vuitton,2234.0,Completed,Standard,CL-732798
2024-12-16 14:20:00.765372,Fendi,3398.0,Completed,Standard,CL-256018
2024-12-16 14:20:00.765372,Louis Vuitton,2552.0,Completed,Standard,CL-820871
2024-12-16 14:20:00.765372,Fendi,5083.0,Completed,Standard,CL-813199
2024-12-17 14:20:00.765372,Louis Vuitton,1989.0,Completed,Standard,CL-625333
2024-12-19 14:20:00.765372,Louis Vuitton,2116.0,Completed,Standard,CL-101946
2024-12-19 14:20:00.765372,Hermès,-2979.0,Returned,High_End,CL-380705
2024-12-20 14:20:00.765372,Prada,1694.0,Completed,Standard,CL-951327
2024-12-21 14:20:00.765372,Fendi,2968.0,Completed,Standard,CL-693956
2024-12-21 14:20:00.765372,Fendi,4237.0,Completed,Standard,CL-138219
2024-12-23 14:20:00.765372,Fendi,2818.0,Completed,Standard,CL-234520
2024-12-24 14:20:00.765372,Louis Vuitton,5612.0,Completed,Standard,CL-197659
2024-12-25 14:20:00.765372,Louis Vuitton,1839.0,Completed,Standard,CL-290561
2024-12-26 14:20:00.765372,Louis Vuitton,1807.0,Completed,Standard,CL-441064
2024-12-26 14:20:00.765372,Fendi,3408.0,Completed,Standard,CL-437891
2024-12-28 14:20:00.765372,Louis Vuitton,4208.0,Completed,Standard,CL-819150
2024-12-29 14:20:00.765372,Louis Vuitton,1474.0,Completed,Standard,CL-304225
2024-12-30 14:20:00.765372,Fendi,2954.0,Completed,Standard,CL-816818
2024-12-30 14:20:00.765372,Louis Vuitton,1694.0,Completed,Standard,CL-159583
2024-12-31 14:20:00.765372,Louis Vuitton,1541.0,Completed,Standard,CL-878412
2025-01-01 14:20:00.765372,Prada,2871.0,Completed,Standard,CL-225714
2025-01-01 14:20:00.765372,Fendi,4479.0,Completed,Standard,CL-701409
2025-01-02 14:20:00.765372,Louis Vuitton,3152.0,Completed,Standard,CL-528440
2025-01-03 14:20:00.765372,Prada,1382.0,Completed,Standard,CL-658419
2025-01-03 14:20:00.765372,Louis Vuitton,1909.0,Completed,Standard,CL-835748
2025-01-04 14:20:00.765372,Louis Vuitton,1807.0,Completed,Standard,CL-484508
2025-01-04 14:20:00.765372,Fendi,6331.0,Completed,Standard,CL-613290
2025-01-05 14:20:00.765372,Fendi,6696.0,Completed,Standard,CL-953879
2025-01-07 14:20:00.765372,Celine,3344.0,Completed,Standard,CL-114499
2025-01-07 14:20:00.765372,Louis Vuitton,1830.0,Completed,Standard,CL-981580
2025-01-07 14:20:00.765372,Louis Vuitton,5895.0,Completed,Standard,CL-675345
2025-01-09 14:20:00.765372,Fendi,-4213.0,Returned,Standard,CL-547828
2025-01-10 14:20:00.765372,Louis Vuitton,1860.0,Completed,Standard,CL-366448
2025-01-11 14:20:00.765372,Fendi,2842.0,Completed,Standard,CL-350078
2025-01-11 14:20:00.765372,Gucci,2718.0,Completed,Standard,CL-321968
2025-01-13 14:20:00.765372,Fendi,3244.0,Completed,Standard,CL-694266
2025-01-13 14:20:00.765372,Chanel,6037.0,Completed,High_End,CL-768089
2025-01-14 14:20:00.765372,Prada,2487.0,Completed,Standard,CL-975633
2025-01-15 14:20:00.765372,Louis Vuitton,1769.0,Completed,Standard,CL-484508
2025-01-15 14:20:00.765372,Louis Vuitton,3108.0,Completed,Standard,CL-846857
2025-01-15 14:20:00.765372,Fendi,2935.0,Completed,Standard,CL-111412
2025-01-15 14:20:00.765372,Celine,2402.0,Completed,Standard,CL-166869
2025-01-16 14:20:00.765372,Gucci,2910.0,Completed,Standard,CL-173312
2025-01-16 14:20:00.765372,Celine,1908.0,Completed,Standard,CL-964101
2025-01-17 14:20:00.765372,Prada,1825.0,Completed,Standard,CL-778287
2025-01-17 14:20:00.765372,Louis Vuitton,3222.0,Completed,Standard,CL-824196
2025-01-18 14:20:00.765372,Celine,1878.0,Completed,Standard,CL-591958
2025-01-18 14:20:00.765372,Fendi,5241.0,Completed,Standard,CL-706511
2025-01-18 14:20:00.765372,Fendi,3285.0,Completed,Standard,CL-693956
2025-01-18 14:20:00.765372,Prada,2967.0,Completed,Standard,CL-240268
2025-01-18 14:20:00.765372,Fendi,2394.0,Completed,Standard,CL-634045
2025-01-19 14:20:00.765372,Louis Vuitton,1853.0,Completed,Standard,CL-101946
2025-01-19 14:20:00.765372,Loewe,1766.0,Completed,Standard,CL-219703
2025-01-19 14:20:00.765372,Fendi,4738.0,Completed,Standard,CL-519152
2025-01-20 14:20:00.765372,Louis Vuitton,7046.0,Completed,Standard,CL-807247
2025-01-20 14:20:00.765372,Louis Vuitton,1962.0,Completed,Standard,CL-381202
2025-01-20 14:20:00.765372,Louis Vuitton,1972.0,Completed,Standard,CL-133848
2025-01-20 14:20:00.765372,Fendi,2394.0,Completed,Standard,CL-923348
2025-01-21 14:20:00.765372,Celine,1134.0,Completed,Standard,CL-511778
2025-01-21 14:20:00.765372,Gucci,2786.0,Completed,Standard,CL-633351
2025-01-22 14:20:00.765372,Fendi,2727.0,Completed,Standard,CL-870432
2025-01-23 14:20:00.765372,Fendi,6331.0,Completed,Standard,CL-686858
2025-01-24 14:20:00.765372,Louis Vuitton,3718.0,Completed,Standard,CL-435399
2025-01-24 14:20:00.765372,Fendi,3525.0,Completed,Standard,CL-348469
2025-01-25 14:20:00.765372,Hermès,3467.0,Completed,High_End,CL-561505
2025-01-25 14:20:00.765372,Prada,3704.0,Completed,Standard,CL-939198
2025-01-26 14:20:00.765372,Celine,3362.0,Completed,Standard,CL-100693
2025-01-27 14:20:00.765372,Fendi,3532.0,Completed,Standard,CL-422314
2025-01-27 14:20:00.765372,Fendi,2842.0,Completed,Standard,CL-606475
2025-01-29 14:20:00.765372,Hermès,9105.0,Completed,High_End,CL-826876
2025-01-31 14:20:00.765372,Hermès,3043.0,Completed,High_End,CL-395510
2025-02-04 14:20:00.765372,Prada,2084.0,Completed,Standard,CL-611726
2025-02-05 14:20:00.765372,Fendi,3173.0,Completed,Standard,CL-107979
2025-02-05 14:20:00.765372,Prada,1866.0,Completed,Standard,CL-551841
2025-02-05 14:20:00.765372,Louis Vuitton,3724.0,Completed,Standard,CL-912287
2025-02-06 14:20:00.765372,Prada,4256.0,Completed,Standard,CL-260328
2025-02-08 14:20:00.765372,Fendi,2265.0,Completed,Standard,CL-132145
2025-02-09 14:20:00.765372,Hermès,9266.0,Completed,High_End,CL-933237
2025-02-10 14:20:00.765372,Prada,1825.0,Completed,Standard,CL-807216
2025-02-13 14:20:00.765372,Fendi,3713.0,Completed,Standard,CL-631418
2025-02-15 14:20:00.765372,Louis Vuitton,1611.0,Completed,Standard,CL-865644
2025-02-15 14:20:00.765372,Prada,2655.0,Completed,Standard,CL-342465
2025-02-15 14:20:00.765372,Fendi,2265.0,Completed,Standard,CL-798682
2025-02-15 14:20:00.765372,Fendi,3713.0,Completed,Standard,CL-832163
2025-02-15 14:20:00.765372,Louis Vuitton,1467.0,Completed,Standard,CL-266091
2025-02-16 14:20:00.765372,Louis Vuitton,3222.0,Completed,Standard,CL-234520
2025-02-18 14:20:00.765372,Fendi,2727.0,Completed,Standard,CL-373273
2025-02-18 14:20:00.765372,Celine,2139.0,Completed,Standard,CL-241917
2025-02-20 14:20:00.765372,Louis Vuitton,1815.0,Completed,Standard,CL-197372
2025-02-20 14:20:00.765372,Fendi,3180.0,Completed,Standard,CL-705891
2025-02-21 14:20:00.765372,Louis Vuitton,2562.0,Completed,Standard,CL-529762
2025-02-22 14:20:00.765372,Prada,2992.0,Completed,Standard,CL-628763
2025-02-24 14:20:00.765372,Fendi,5606.0,Completed,Standard,CL-259451
2025-02-25 14:20:00.765372,Fendi,-4449.0,Returned,Standard,CL-288053
2025-02-26 14:20:00.765372,Fendi,2842.0,Completed,Standard,CL-627419
2025-02-26 14:20:00.765372,Louis Vuitton,1837.0,Completed,Standard,CL-657691
2025-03-04 14:20:00.765372,Louis Vuitton,2239.0,Completed,Standard,CL-563787
2025-03-05 14:20:00.765372,Fendi,3111.0,Completed,Standard,CL-301180
2025-03-07 14:20:00.765372,Hermès,10872.0,Completed,High_End,CL-470566
2025-03-08 14:20:00.765372,Chanel,7401.0,Completed,High_End,CL-530883
2025-03-11 14:20:00.765372,Fendi,4449.0,Completed,Standard,CL-885952
2025-03-11 14:20:00.765372,Hermès,3320.0,Completed,High_End,CL-470566
2025-03-11 14:20:00.765372,Fendi,6331.0,Completed,Standard,CL-468406
2025-03-12 14:20:00.765372,Celine,3200.0,Completed,Standard,CL-107979
2025-03-12 14:20:00.765372,Fendi,3343.0,Completed,Standard,CL-711667
2025-03-13 14:20:00.765372,Celine,-2134.0,Returned,Standard,CL-410205
2025-03-13 14:20:00.765372,Fendi,5324.0,Completed,Standard,CL-114596
2025-03-13 14:20:00.765372,Louis Vuitton,2009.0,Completed,Standard,CL-101450
2025-03-14 14:20:00.765372,Prada,1969.0,Completed,Standard,CL-239742
2025-03-14 14:20:00.765372,Fendi,2935.0,Completed,Standard,CL-711667
2025-03-15 14:20:00.765372,Louis Vuitton,2413.0,Completed,Standard,CL-437891
2025-03-15 14:20:00.765372,Fendi,3708.0,Completed,Standard,CL-530883
2025-03-15 14:20:00.765372,Gucci,2541.0,Completed,Standard,CL-222186
2025-03-15 14:20:00.765372,Fendi,3285.0,Completed,Standard,CL-351448
2025-03-17 14:20:00.765372,Fendi,3398.0,Completed,Standard,CL-605532
2025-03-18 14:20:00.765372,Chanel,9198.0,Completed,High_End,CL-736804
2025-03-18 14:20:00.765372,Fendi,5606.0,Completed,Standard,CL-455011
2025-03-20 14:20:00.765372,Fendi,2394.0,Completed,Standard,CL-911874
2025-03-22 14:20:00.765372,Prada,2407.0,Completed,Standard,CL-419409
2025-03-24 14:20:00.765372,Fendi,3398.0,Completed,Standard,CL-646774
2025-03-24 14:20:00.765372,Louis Vuitton,-3222.0,Returned,Standard,CL-186656
2025-03-24 14:20:00.765372,Fendi,3398.0,Completed,Standard,CL-431934
2025-03-27 14:20:00.765372,Fendi,3244.0,Completed,Standard,CL-327235
2025-03-27 14:20:00.765372,Chanel,3209.0,Completed,High_End,CL-325530
2025-03-28 14:20:00.765372,Fendi,3408.0,Completed,Standard,CL-850907
2025-03-29 14:20:00.765372,Prada,-1866.0,Returned,Standard,CL-317646
2025-03-29 14:20:00.765372,Chanel,8675.0,Completed,High_End,CL-939198
2025-03-31 14:20:00.765372,Chanel,12685.0,Completed,High_End,CL-114596
2025-03-31 14:20:00.765372,Fendi,4738.0,Completed,Standard,CL-465189
2025-04-01 14:20:00.765372,Chanel,-2845.0,Returned,High_End,CL-453202
2025-04-02 14:20:00.765372,Louis Vuitton,2234.0,Completed,Standard,CL-482521
2025-04-02 14:20:00.765372,Fendi,5083.0,Completed,Standard,CL-964101
2025-04-03 14:20:00.765372,Louis Vuitton,3718.0,Completed,Standard,CL-697688
2025-04-03 14:20:00.765372,Fendi,5275.0,Completed,Standard,CL-819483
2025-04-03 14:20:00.765372,Hermès,3530.0,Completed,High_End,CL-778287
2025-04-04 14:20:00.765372,Hermès,3970.0,Completed,High_End,CL-832163
2025-04-04 14:20:00.765372,Louis Vuitton,3222.0,Completed,Standard,CL-966202
2025-04-05 14:20:00.765372,Chanel,13542.0,Completed,High_End,CL-112230
2025-04-05 14:20:00.765372,Louis Vuitton,2116.0,Completed,Standard,CL-770158
2025-04-05 14:20:00.765372,Fendi,3398.0,Completed,Standard,CL-575899
2025-04-06 14:20:00.765372,Fendi,2935.0,Completed,Standard,CL-560406
2025-04-07 14:20:00.765372,Hermès,9601.0,Completed,High_End,CL-824936
2025-04-07 14:20:00.765372,Prada,3343.0,Completed,Standard,CL-515815
2025-04-09 14:20:00.765372,Louis Vuitton,3146.0,Completed,Standard,CL-389235
2025-04-11 14:20:00.765372,Fendi,2842.0,Completed,Standard,CL-380509
2025-04-12 14:20:00.765372,Prada,2109.0,Completed,Standard,CL-807247
2025-04-13 14:20:00.765372,Fendi,3398.0,Completed,Standard,CL-270881
2025-04-15 14:20:00.765372,Louis Vuitton,1458.0,Completed,Standard,CL-896254
2025-04-16 14:20:00.765372,Louis Vuitton,3108.0,Completed,Standard,CL-542177
2025-04-17 14:20:00.765372,Fendi,3173.0,Completed,Standard,CL-807216
2025-04-18 14:20:00.765372,Louis Vuitton,2494.0,Completed,Standard,CL-240268
2025-04-20 14:20:00.765372,Fendi,2543.0,Completed,Standard,CL-330565
2025-04-22 14:20:00.765372,Fendi,3111.0,Completed,Standard,CL-964101
2025-04-23 14:20:00.765372,Fendi,2543.0,Completed,Standard,CL-132563
2025-04-25 14:20:00.765372,Chanel,3441.0,Completed,High_End,CL-852056
2025-04-25 14:20:00.765372,Chanel,8304.0,Completed,High_End,CL-987556
2025-04-26 14:20:00.765372,Prada,1913.0,Completed,Standard,CL-597444
2025-04-26 14:20:00.765372,Celine,3400.0,Completed,Standard,CL-557883
2025-04-27 14:20:00.765372,Hermès,3938.0,Completed,High_End,CL-547950
2025-04-27 14:20:00.765372,Fendi,3285.0,Completed,Standard,CL-100750
2025-04-28 14:20:00.765372,Louis Vuitton,2322.0,Completed,Standard,CL-164670
2025-04-29 14:20:00.765372,Prada,1694.0,Completed,Standard,CL-732893
2025-04-30 14:20:00.765372,Fendi,5243.0,Completed,Standard,CL-846094
2025-04-30 14:20:00.765372,Prada,2033.0,Completed,Standard,CL-728563
2025-04-30 14:20:00.765372,Louis Vuitton,5604.0,Completed,Standard,CL-130670
2025-05-01 14:20:00.765372,Louis Vuitton,-1458.0,Returned,Standard,CL-896833
2025-05-01 14:20:00.765372,Louis Vuitton,2605.0,Completed,Standard,CL-678979
2025-05-01 14:20:00.765372,Louis Vuitton,4960.0,Completed,Standard,CL-928531
2025-05-03 14:20:00.765372,Louis Vuitton,5384.0,Completed,Standard,CL-607141
2025-05-03 14:20:00.765372,Louis Vuitton,2562.0,Completed,Standard,CL-760739
2025-05-03 14:20:00.765372,Fendi,-3906.0,Returned,Standard,CL-725271
2025-05-03 14:20:00.765372,Prada,1922.0,Completed,Standard,CL-445288
2025-05-04 14:20:00.765372,Fendi,3922.0,Completed,Standard,CL-366448
2025-05-04 14:20:00.765372,Louis Vuitton,2815.0,Completed,Standard,CL-934530
2025-05-04 14:20:00.765372,Fendi,3922.0,Completed,Standard,CL-281624
2025-05-05 14:20:00.765372,Gucci,2960.0,Completed,Standard,CL-928651
2025-05-05 14:20:00.765372,Fendi,3884.0,Completed,Standard,CL-879676
2025-05-05 14:20:00.765372,Fendi,5606.0,Completed,Standard,CL-698879
2025-05-06 14:20:00.765372,Fendi,5083.0,Completed,Standard,CL-381353
2025-05-08 14:20:00.765372,Gucci,2694.0,Completed,Standard,CL-971907
2025-05-08 14:20:00.765372,Louis Vuitton,2562.0,Completed,Standard,CL-316359
2025-05-10 14:20:00.765372,Louis Vuitton,1868.0,Completed,Standard,CL-457993
2025-05-11 14:20:00.765372,Louis Vuitton,3106.0,Completed,Standard,CL-826876
2025-05-11 14:20:00.765372,Prada,2967.0,Completed,Standard,CL-846928
2025-05-12 14:20:00.765372,Fendi,4237.0,Completed,Standard,CL-529842
2025-05-12 14:20:00.765372,Louis Vuitton,1627.0,Completed,Standard,CL-553499
2025-05-15 14:20:00.765372,Prada,2023.0,Completed,Standard,CL-747106
2025-05-15 14:20:00.765372,Hermès,3043.0,Completed,High_End,CL-389806
2025-05-15 14:20:00.765372,Fendi,-3290.0,Returned,Standard,CL-302591
2025-05-15 14:20:00.765372,Prada,2885.0,Completed,Standard,CL-330831
2025-05-16 14:20:00.765372,Louis Vuitton,2239.0,Completed,Standard,CL-990521
2025-05-17 14:20:00.765372,Fendi,2954.0,Completed,Standard,CL-711667
2025-05-17 14:20:00.765372,Louis Vuitton,3207.0,Completed,Standard,CL-606475
2025-05-18 14:20:00.765372,Louis Vuitton,1860.0,Completed,Standard,CL-559255
2025-05-18 14:20:00.765372,Louis Vuitton,2402.0,Completed,Standard,CL-206903
2025-05-20 14:20:00.765372,Fendi,5241.0,Completed,Standard,CL-307464
2025-05-20 14:20:00.765372,Fendi,2968.0,Completed,Standard,CL-206903
2025-05-21 14:20:00.765372,Louis Vuitton,5880.0,Completed,Standard,CL-589169
2025-05-22 14:20:00.765372,Fendi,3244.0,Completed,Standard,CL-259961
2025-05-24 14:20:00.765372,Louis Vuitton,4559.0,Completed,Standard,CL-928007
2025-05-25 14:20:00.765372,Fendi,4581.0,Completed,Standard,CL-595571
2025-05-25 14:20:00.765372,Louis Vuitton,3222.0,Completed,Standard,CL-842258
2025-05-25 14:20:00.765372,Louis Vuitton,1469.0,Completed,Standard,CL-683421
2025-05-26 14:20:00.765372,Louis Vuitton,2239.0,Completed,Standard,CL-686764
2025-05-27 14:20:00.765372,Fendi,3922.0,Completed,Standard,CL-323595
2025-05-27 14:20:00.765372,Fendi,2336.0,Completed,Standard,CL-625333
2025-05-29 14:20:00.765372,Fendi,3216.0,Completed,Standard,CL-217685
2025-05-30 14:20:00.765372,Fendi,3244.0,Completed,Standard,CL-129946
2025-05-30 14:20:00.765372,Fendi,5275.0,Completed,Standard,CL-993101
2025-05-31 14:20:00.765372,Fendi,3713.0,Completed,Standard,CL-732798
2025-05-31 14:20:00.765372,Louis Vuitton,3724.0,Completed,Standard,CL-705891
2025-05-31 14:20:00.765372,Hermès,4274.0,Completed,High_End,CL-514746
2025-06-02 14:20:00.765372,Hermès,3043.0,Completed,High_End,CL-177076
2025-06-02 14:20:00.765372,Louis Vuitton,1611.0,Completed,Standard,CL-479390
2025-06-03 14:20:00.765372,Fendi,6454.0,Completed,Standard,CL-210121
2025-06-04 14:20:00.765372,Prada,-3005.0,Returned,Standard,CL-150609
2025-06-04 14:20:00.765372,Louis Vuitton,7108.0,Completed,Standard,CL-114990
2025-06-05 14:20:00.765372,Louis Vuitton,3146.0,Completed,Standard,CL-114499
2025-06-06 14:20:00.765372,Louis Vuitton,3146.0,Completed,Standard,CL-390785
2025-06-06 14:20:00.765372,Fendi,4479.0,Completed,Standard,CL-112208
2025-06-06 14:20:00.765372,Celine,1993.0,Completed,Standard,CL-164360
2025-06-07 14:20:00.765372,Louis Vuitton,1611.0,Completed,Standard,CL-898735
2025-06-07 14:20:00.765372,Louis Vuitton,1467.0,Completed,Standard,CL-378375
2025-06-11 14:20:00.765372,Louis Vuitton,1898.0,Completed,Standard,CL-281624
2025-06-12 14:20:00.765372,Louis Vuitton,1853.0,Completed,Standard,CL-690837
2025-06-14 14:20:00.765372,Louis Vuitton,1972.0,Completed,Standard,CL-392243
2025-06-14 14:20:00.765372,Fendi,2336.0,Completed,Standard,CL-997950
2025-06-16 14:20:00.765372,Prada,2719.0,Completed,Standard,CL-453076
2025-06-18 14:20:00.765372,Louis Vuitton,2390.0,Completed,Standard,CL-339341
2025-06-18 14:20:00.765372,Chanel,7073.0,Completed,High_End,CL-663533
2025-06-21 14:20:00.765372,Fendi,3244.0,Completed,Standard,CL-112230
2025-06-21 14:20:00.765372,Hermès,11296.0,Completed,High_End,CL-951327
2025-06-21 14:20:00.765372,Prada,2719.0,Completed,Standard,CL-261259
2025-06-21 14:20:00.765372,Gucci,3716.0,Completed,Standard,CL-591081
2025-06-21 14:20:00.765372,Louis Vuitton,1474.0,Completed,Standard,CL-201779
2025-06-22 14:20:00.765372,Fendi,3216.0,Completed,Standard,CL-420481
2025-06-22 14:20:00.765372,Louis Vuitton,2494.0,Completed,Standard,CL-228810
2025-06-22 14:20:00.765372,Prada,1866.0,Completed,Standard,CL-965962
2025-06-23 14:20:00.765372,Louis Vuitton,2009.0,Completed,Standard,CL-450501
2025-06-24 14:20:00.765372,Louis Vuitton,2488.0,Completed,Standard,CL-408663
2025-06-25 14:20:00.765372,Chanel,10735.0,Completed,High_End,CL-625333
2025-06-26 14:20:00.765372,Louis Vuitton,3134.0,Completed,Standard,CL-965962
2025-06-29 14:20:00.765372,Louis Vuitton,5381.0,Completed,Standard,CL-376625
2025-06-30 14:20:00.765372,Louis Vuitton,2702.0,Completed,Standard,CL-676183
2025-06-30 14:20:00.765372,Fendi,2543.0,Completed,Standard,CL-800800
2025-07-01 14:20:00.765372,Gucci,2051.0,Completed,Standard,CL-547828
2025-07-02 14:20:00.765372,Fendi,3142.0,Completed,Standard,CL-547950
2025-07-02 14:20:00.765372,Louis Vuitton,1467.0,Completed,Standard,CL-520285
2025-07-05 14:20:00.765372,Fendi,3111.0,Completed,Standard,CL-491248
2025-07-06 14:20:00.765372,Gucci,2820.0,Completed,Standard,CL-151319
2025-07-06 14:20:00.765372,Louis Vuitton,1617.0,Completed,Standard,CL-491248
2025-07-09 14:20:00.765372,Fendi,3114.0,Completed,Standard,CL-261259
2025-07-09 14:20:00.765372,Loewe,2166.0,Completed,Standard,CL-911802
2025-07-10 14:20:00.765372,Chanel,12898.0,Completed,High_End,CL-340746
2025-07-10 14:20:00.765372,Celine,3359.0,Completed,Standard,CL-676465
2025-07-10 14:20:00.765372,Prada,1969.0,Completed,Standard,CL-686688
2025-07-11 14:20:00.765372,Louis Vuitton,1600.0,Completed,Standard,CL-657392
2025-07-19 14:20:00.765372,Fendi,3922.0,Completed,Standard,CL-112230
2025-07-20 14:20:00.765372,Louis Vuitton,1962.0,Completed,Standard,CL-646624
2025-07-20 14:20:00.765372,Fendi,4376.0,Completed,Standard,CL-274796
2025-07-20 14:20:00.765372,Fendi,4015.0,Completed,Standard,CL-678979
2025-07-20 14:20:00.765372,Louis Vuitton,3146.0,Completed,Standard,CL-181867
2025-07-21 14:20:00.765372,Fendi,5009.0,Completed,Standard,CL-409019
2025-07-22 14:20:00.765372,Prada,1382.0,Completed,Standard,CL-676465
2025-07-22 14:20:00.765372,Louis Vuitton,4272.0,Completed,Standard,CL-878412
2025-07-26 14:20:00.765372,Prada,2487.0,Completed,Standard,CL-267981
2025-07-27 14:20:00.765372,Louis Vuitton,1474.0,Completed,Standard,CL-497900
2025-07-30 14:20:00.765372,Fendi,5083.0,Completed,Standard,CL-637028
2025-08-01 14:20:00.765372,Fendi,3532.0,Completed,Standard,CL-267981
2025-08-01 14:20:00.765372,Fendi,5606.0,Completed,Standard,CL-940149
2025-08-01 14:20:00.765372,Fendi,3285.0,Completed,Standard,CL-239742
2025-08-02 14:20:00.765372,Fendi,3142.0,Completed,Standard,CL-278780
2025-08-02 14:20:00.765372,Louis Vuitton,5505.0,Completed,Standard,CL-523153
2025-08-03 14:20:00.765372,Celine,2151.0,Completed,Standard,CL-135432
2025-08-04 14:20:00.765372,Fendi,2954.0,Completed,Standard,CL-953879
2025-08-05 14:20:00.765372,Louis Vuitton,2060.0,Completed,Standard,CL-340746
2025-08-05 14:20:00.765372,Louis Vuitton,2488.0,Completed,Standard,CL-582596
2025-08-06 14:20:00.765372,Celine,2124.0,Completed,Standard,CL-631064
2025-08-07 14:20:00.765372,Louis Vuitton,1962.0,Completed,Standard,CL-433649
2025-08-07 14:20:00.765372,Louis Vuitton,1853.0,Completed,Standard,CL-952944
2025-08-07 14:20:00.765372,Louis Vuitton,2116.0,Completed,Standard,CL-412118
2025-08-11 14:20:00.765372,Gucci,2990.0,Completed,Standard,CL-853000
2025-08-11 14:20:00.765372,Gucci,2592.0,Completed,Standard,CL-772457
2025-08-12 14:20:00.765372,Fendi,3532.0,Completed,Standard,CL-465203
2025-08-13 14:20:00.765372,Louis Vuitton,1898.0,Completed,Standard,CL-150609
2025-08-15 14:20:00.765372,Chanel,10570.0,Completed,High_End,CL-637041
2025-08-16 14:20:00.765372,Louis Vuitton,2131.0,Completed,Standard,CL-381353
2025-08-16 14:20:00.765372,Fendi,3290.0,Completed,Standard,CL-740657
2025-08-16 14:20:00.765372,Fendi,3111.0,Completed,Standard,CL-942670
2025-08-18 14:20:00.765372,Louis Vuitton,1611.0,Completed,Standard,CL-535869
2025-08-19 14:20:00.765372,Louis Vuitton,3207.0,Completed,Standard,CL-132213
2025-08-19 14:20:00.765372,Fendi,4581.0,Completed,Standard,CL-475000
2025-08-20 14:20:00.765372,Louis Vuitton,3718.0,Completed,Standard,CL-551530
2025-08-26 14:20:00.765372,Fendi,3713.0,Completed,Standard,CL-968709
2025-08-27 14:20:00.765372,Prada,-3447.0,Returned,Standard,CL-663579
2025-08-30 14:20:00.765372,Fendi,3180.0,Completed,Standard,CL-359572
2025-08-31 14:20:00.765372,Louis Vuitton,1815.0,Completed,Standard,CL-817884
2025-09-02 14:20:00.765372,Fendi,2394.0,Completed,Standard,CL-155778
2025-09-03 14:20:00.765372,Louis Vuitton,3724.0,Completed,Standard,CL-839725
2025-09-04 14:20:00.765372,Celine,2134.0,Completed,Standard,CL-215745
2025-09-04 14:20:00.765372,Louis Vuitton,-7108.0,Returned,Standard,CL-205446
2025-09-06 14:20:00.765372,Celine,3359.0,Completed,Standard,CL-987556
2025-09-06 14:20:00.765372,Fendi,-4015.0,Returned,Standard,CL-381383
2025-09-06 14:20:00.765372,Fendi,3216.0,Completed,Standard,CL-592370
2025-09-06 14:20:00.765372,Celine,2124.0,Completed,Standard,CL-400012
2025-09-08 14:20:00.765372,Prada,2023.0,Completed,Standard,CL-982426
2025-09-08 14:20:00.765372,Fendi,3708.0,Completed,Standard,CL-354367
2025-09-09 14:20:00.765372,Fendi,3884.0,Completed,Standard,CL-211886
2025-09-09 14:20:00.765372,Prada,2440.0,Completed,Standard,CL-913654
2025-09-10 14:20:00.765372,Louis Vuitton,1815.0,Completed,Standard,CL-836894
2025-09-10 14:20:00.765372,Fendi,3331.0,Completed,Standard,CL-261259
2025-09-11 14:20:00.765372,Louis Vuitton,1933.0,Completed,Standard,CL-219703
2025-09-11 14:20:00.765372,Hermès,3487.0,Completed,High_End,CL-915451
2025-09-12 14:20:00.765372,Prada,3447.0,Completed,Standard,CL-309559
2025-09-13 14:20:00.765372,Louis Vuitton,2605.0,Completed,Standard,CL-306041
2025-09-14 14:20:00.765372,Louis Vuitton,1804.0,Completed,Standard,CL-196067
2025-09-15 14:20:00.765372,Fendi,3180.0,Completed,Standard,CL-208486
2025-09-15 14:20:00.765372,Louis Vuitton,-1860.0,Returned,Standard,CL-732798
2025-09-18 14:20:00.765372,Louis Vuitton,1467.0,Completed,Standard,CL-626363
2025-09-19 14:20:00.765372,Fendi,2727.0,Completed,Standard,CL-330555
2025-09-19 14:20:00.765372,Louis Vuitton,6126.0,Completed,Standard,CL-382639
2025-09-20 14:20:00.765372,Gucci,3237.0,Completed,Standard,CL-777203
2025-09-20 14:20:00.765372,Fendi,4738.0,Completed,Standard,CL-622831
2025-09-21 14:20:00.765372,Gucci,3768.0,Completed,Standard,CL-730900
2025-09-21 14:20:00.765372,Louis Vuitton,1860.0,Completed,Standard,CL-987869
2025-09-25 14:20:00.765372,Fendi,2543.0,Completed,Standard,CL-655263
2025-09-25 14:20:00.765372,Fendi,3180.0,Completed,Standard,CL-357588
2025-09-26 14:20:00.765372,Fendi,3111.0,Completed,Standard,CL-608610
2025-09-26 14:20:00.765372,Louis Vuitton,5578.0,Completed,Standard,CL-485165
2025-09-27 14:20:00.765372,Fendi,3884.0,Completed,Standard,CL-538767
2025-09-29 14:20:00.765372,Celine,2402.0,Completed,Standard,CL-552453
2025-09-30 14:20:00.765372,Gucci,2700.0,Completed,Standard,CL-431934
2025-09-30 14:20:00.765372,Prada,3447.0,Completed,Standard,CL-101450
2025-10-02 14:20:00.765372,Chanel,3160.0,Completed,High_End,CL-754377
2025-10-03 14:20:00.765372,Fendi,2842.0,Completed,Standard,CL-417961
2025-10-03 14:20:00.765372,Fendi,3173.0,Completed,Standard,CL-722548
2025-10-05 14:20:00.765372,Louis Vuitton,3724.0,Completed,Standard,CL-530883
2025-10-05 14:20:00.765372,Louis Vuitton,1609.0,Completed,Standard,CL-968709
2025-10-05 14:20:00.765372,Fendi,2818.0,Completed,Standard,CL-585444
2025-10-08 14:20:00.765372,Fendi,4376.0,Completed,Standard,CL-339341
2025-10-08 14:20:00.765372,Fendi,3111.0,Completed,Standard,CL-133848
2025-10-10 14:20:00.765372,Fendi,5606.0,Completed,Standard,CL-879676
2025-10-14 14:20:00.765372,Fendi,3290.0,Completed,Standard,CL-106080
2025-10-15 14:20:00.765372,Louis Vuitton,1804.0,Completed,Standard,CL-309559
2025-10-15 14:20:00.765372,Louis Vuitton,2116.0,Completed,Standard,CL-215219
2025-10-15 14:20:00.765372,Chanel,2930.0,Completed,High_End,CL-399804
2025-10-15 14:20:00.765372,Louis Vuitton,1884.0,Completed,Standard,CL-293934
2025-10-16 14:20:00.765372,Hermès,-3180.0,Returned,High_End,CL-175121
2025-10-16 14:20:00.765372,Loewe,2278.0,Completed,Standard,CL-155778
2025-10-17 14:20:00.765372,Louis Vuitton,5612.0,Completed,Standard,CL-853000
2025-10-17 14:20:00.765372,Fendi,-2543.0,Returned,Standard,CL-878493
2025-10-18 14:20:00.765372,Louis Vuitton,3262.0,Completed,Standard,CL-288053
2025-10-21 14:20:00.765372,Fendi,3290.0,Completed,Standard,CL-658721
2025-10-21 14:20:00.765372,Fendi,5275.0,Completed,Standard,CL-974343
2025-10-22 14:20:00.765372,Louis Vuitton,2119.0,Completed,Standard,CL-489811
2025-10-22 14:20:00.765372,Hermès,7908.0,Completed,High_End,CL-597588
2025-10-23 14:20:00.765372,Louis Vuitton,3106.0,Completed,Standard,CL-724478
2025-10-26 14:20:00.765372,Louis Vuitton,3724.0,Completed,Standard,CL-374175
2025-10-29 14:20:00.765372,Fendi,3906.0,Completed,Standard,CL-321726
2025-10-31 14:20:00.765372,Louis Vuitton,1844.0,Completed,Standard,CL-788844
2025-10-31 14:20:00.765372,Prada,2440.0,Completed,Standard,CL-223990
2025-10-31 14:20:00.765372,Fendi,3906.0,Completed,Standard,CL-807216
2025-10-31 14:20:00.765372,Louis Vuitton,6126.0,Completed,Standard,CL-136728
2025-10-31 14:20:00.765372,Fendi,3408.0,Completed,Standard,CL-976805
2025-11-01 14:20:00.765372,Louis Vuitton,2605.0,Completed,Standard,CL-164187
2025-11-02 14:20:00.765372,Fendi,3285.0,Completed,Standard,CL-452002
2025-11-02 14:20:00.765372,Louis Vuitton,1474.0,Completed,Standard,CL-172857
2025-11-03 14:20:00.765372,Louis Vuitton,1414.0,Completed,Standard,CL-827618
2025-11-04 14:20:00.765372,Fendi,6696.0,Completed,Standard,CL-151384
2025-11-05 14:20:00.765372,Loewe,2082.0,Completed,Standard,CL-464389
2025-11-05 14:20:00.765372,Fendi,5243.0,Completed,Standard,CL-462764
2025-11-06 14:20:00.765372,Fendi,6454.0,Completed,Standard,CL-511778
2025-11-07 14:20:00.765372,Louis Vuitton,3207.0,Completed,Standard,CL-471535
2025-11-11 14:20:00.765372,Louis Vuitton,1617.0,Completed,Standard,CL-462764
2025-11-12 14:20:00.765372,Fendi,3824.0,Completed,Standard,CL-419409
2025-11-12 14:20:00.765372,Fendi,3290.0,Completed,Standard,CL-184467
2025-11-13 14:20:00.765372,Louis Vuitton,-1609.0,Returned,Standard,CL-263270
2025-11-13 14:20:00.765372,Chanel,4785.0,Completed,High_End,CL-383406
2025-11-14 14:20:00.765372,Fendi,3244.0,Completed,Standard,CL-286339
2025-11-16 14:20:00.765372,Fendi,6331.0,Completed,Standard,CL-770339
2025-11-16 14:20:00.765372,Louis Vuitton,1884.0,Completed,Standard,CL-718923
2025-11-16 14:20:00.765372,Prada,-1866.0,Returned,Standard,CL-320045
2025-11-18 14:20:00.765372,Fendi,3180.0,Completed,Standard,CL-697688
2025-11-20 14:20:00.765372,Louis Vuitton,1815.0,Completed,Standard,CL-702617
2025-11-21 14:20:00.765372,Fendi,4738.0,Completed,Standard,CL-852056
2025-11-22 14:20:00.765372,Louis Vuitton,1694.0,Completed,Standard,CL-379796
2025-11-23 14:20:00.765372,Fendi,4581.0,Completed,Standard,CL-993469
2025-11-23 14:20:00.765372,Fendi,4581.0,Completed,Standard,CL-738547
2025-11-24 14:20:00.765372,Celine,3802.0,Completed,Standard,CL-334084
2025-11-24 14:20:00.765372,Gucci,1808.0,Completed,Standard,CL-976805
2025-11-24 14:20:00.765372,Hermès,3530.0,Completed,High_End,CL-973890
2025-11-24 14:20:00.765372,Louis Vuitton,1884.0,Completed,Standard,CL-635318
2025-11-27 14:20:00.765372,Louis Vuitton,3152.0,Completed,Standard,CL-193387
2025-11-27 14:20:00.765372,Fendi,3290.0,Completed,Standard,CL-722548
2025-11-30 14:20:00.765372,Louis Vuitton,3207.0,Completed,Standard,CL-202679
2025-12-01 14:20:00.765372,Louis Vuitton,1694.0,Completed,Standard,CL-987869
2025-12-02 14:20:00.765372,Louis Vuitton,6126.0,Completed,Standard,CL-736804
2025-12-04 14:20:00.765372,Fendi,4449.0,Completed,Standard,CL-709211
2025-12-06 14:20:00.765372,Fendi,4394.0,Completed,Standard,CL-453202
2025-12-08 14:20:00.765372,Prada,3110.0,Completed,Standard,CL-553026
2025-12-08 14:20:00.765372,Louis Vuitton,1838.0,Completed,Standard,CL-259451
2025-12-09 14:20:00.765372,Fendi,3111.0,Completed,Standard,CL-523153
2025-12-10 14:20:00.765372,Fendi,4479.0,Completed,Standard,CL-732798
2025-12-10 14:20:00.765372,Louis Vuitton,1627.0,Completed,Standard,CL-653764
2025-12-12 14:20:00.765372,Louis Vuitton,3108.0,Completed,Standard,CL-663579
2025-12-13 14:20:00.765372,Fendi,6696.0,Completed,Standard,CL-567534
2025-12-13 14:20:00.765372,Fendi,4213.0,Completed,Standard,CL-835748
2025-12-14 14:20:00.765372,Fendi,5009.0,Completed,Standard,CL-768360
2025-12-16 14:20:00.765372,Celine,1744.0,Completed,Standard,CL-179156
2025-12-16 14:20:00.765372,Fendi,5324.0,Completed,Standard,CL-777733
2025-12-16 14:20:00.765372,Fendi,3331.0,Completed,Standard,CL-207581
2025-12-17 14:20:00.765372,Prada,1694.0,Completed,Standard,CL-821375
2025-12-19 14:20:00.765372,Fendi,3114.0,Completed,Standard,CL-287547
2025-12-20 14:20:00.765372,Chanel,12167.0,Completed,High_End,CL-551530
2025-12-20 14:20:00.765372,Louis Vuitton,1611.0,Completed,Standard,CL-607278
2025-12-21 14:20:00.765372,Louis Vuitton,3106.0,Completed,Standard,CL-515294
2025-12-21 14:20:00.765372,Louis Vuitton,3172.0,Completed,Standard,CL-933177
2025-12-22 14:20:00.765372,Chanel,3160.0,Completed,High_End,CL-611538
2025-12-24 14:20:00.765372,Louis Vuitton,5384.0,Completed,Standard,CL-259423
2025-12-24 14:20:00.765372,Prada,3343.0,Completed,Standard,CL-112208
2025-12-25 14:20:00.765372,Fendi,3331.0,Completed,Standard,CL-464051
2025-12-26 14:20:00.765372,Hermès,9723.0,Completed,High_End,CL-506993
2025-12-26 14:20:00.765372,Gucci,2541.0,Completed,Standard,CL-835748
2025-12-29 14:20:00.765372,Fendi,5083.0,Completed,Standard,CL-166323
2025-12-30 14:20:00.765372,Fendi,3884.0,Completed,Standard,CL-408671
2025-12-30 14:20:00.765372,Fendi,-3398.0,Returned,Standard,CL-993469
2025-12-31 14:20:00.765372,Louis Vuitton,3081.0,Completed,Standard,CL-816222
2026-01-02 14:20:00.765372,Fendi,3884.0,Completed,Standard,CL-969007
2026-01-05 14:20:00.765372,Gucci,2065.0,Completed,Standard,CL-591958
2026-01-07 14:20:00.765372,Celine,2123.0,Completed,Standard,CL-923348
2026-01-07 14:20:00.765372,Fendi,3244.0,Completed,Standard,CL-254956
2026-01-08 14:20:00.765372,Fendi,4213.0,Completed,Standard,CL-892994
2026-01-10 14:20:00.765372,Louis Vuitton,2952.0,Completed,Standard,CL-800151
2026-01-12 14:20:00.765372,Fendi,3173.0,Completed,Standard,CL-364706
2026-01-14 14:20:00.765372,Fendi,-2818.0,Returned,Standard,CL-520833
2026-01-15 14:20:00.765372,Louis Vuitton,1767.0,Completed,Standard,CL-959188
2026-01-16 14:20:00.765372,Gucci,2353.0,Completed,Standard,CL-177076
2026-01-16 14:20:00.765372,Fendi,6696.0,Completed,Standard,CL-849348
2026-01-16 14:20:00.765372,Chanel,9086.0,Completed,High_End,CL-286339
2026-01-17 14:20:00.765372,Fendi,3331.0,Completed,Standard,CL-475000
2026-01-18 14:20:00.765372,Louis Vuitton,4272.0,Completed,Standard,CL-608692
